repetition,order_position,mode,native_actions,capture_records,setup_seconds,action_seconds,finalization_seconds,total_action_plus_finalization_seconds,client_total_cpu_seconds,store_cpu_seconds,anvil_cpu_seconds,stored_payload_bytes,effects_sha256
0,0,http_store_anvil,100,400,0.02370220801094547,7.597436084004585,0.1529910410172306,7.750427125021815,4.883388999999999,0.5457168000000001,0.19837641599999997,649452,14e1553e53b75c2df69419627ed4fb07e5de820f717eeafbdb1fa716f99531ba
0,1,capture_off,100,0,1.6600824892520905e-07,6.153267375018913,8.300412446260452e-08,6.153267458023038,1.534237000000001,0.0032472319999998778,0.0,0,14e1553e53b75c2df69419627ed4fb07e5de820f717eeafbdb1fa716f99531ba
0,2,http_store,100,400,0.002665958018042147,6.993221957993228,0.023956165998242795,7.017178123991471,1.8976510000000015,0.3464150399999999,9.449599999999947e-05,645852,14e1553e53b75c2df69419627ed4fb07e5de820f717eeafbdb1fa716f99531ba
1,0,capture_off,100,0,1.2497184798121452e-07,6.513677957991604,8.300412446260452e-08,6.513678040995728,1.6066769999999977,0.003834112000000278,0.0,0,14e1553e53b75c2df69419627ed4fb07e5de820f717eeafbdb1fa716f99531ba
1,1,http_store_anvil,100,400,0.024661750008817762,7.749384416965768,0.1698120409855619,7.91919645795133,5.144080000000002,0.5859858560000002,0.21946166400000006,649452,14e1553e53b75c2df69419627ed4fb07e5de820f717eeafbdb1fa716f99531ba
1,2,http_store,100,400,0.002124958031345159,6.859136125014629,0.024002040969207883,6.883138165983837,1.871687999999999,0.32574803200000035,0.0,645852,14e1553e53b75c2df69419627ed4fb07e5de820f717eeafbdb1fa716f99531ba
2,0,http_store_anvil,100,400,0.03286362497601658,8.132005833962467,0.2860739169991575,8.418079750961624,5.311790000000002,0.6025479679999997,0.23209734399999993,649455,14e1553e53b75c2df69419627ed4fb07e5de820f717eeafbdb1fa716f99531ba
2,1,capture_off,100,0,1.66997779160738e-07,6.473891458997969,8.300412446260452e-08,6.473891542002093,1.5990910000000014,0.003455488000000173,0.0,0,14e1553e53b75c2df69419627ed4fb07e5de820f717eeafbdb1fa716f99531ba
2,2,http_store,100,400,0.0030410000472329557,6.843391792033799,0.025193292007315904,6.868585084041115,1.8606729999999985,0.32434700800000016,0.0001277439999999297,646152,14e1553e53b75c2df69419627ed4fb07e5de820f717eeafbdb1fa716f99531ba
3,0,http_store_anvil,100,400,0.026325292012188584,7.743830416991841,0.153363541001454,7.897193957993295,5.051230000000004,0.5663889920000003,0.21216630399999992,649752,14e1553e53b75c2df69419627ed4fb07e5de820f717eeafbdb1fa716f99531ba
3,1,capture_off,100,0,2.9103830456733704e-07,6.134390291990712,4.202593117952347e-08,6.1343903340166435,1.535260000000001,0.0034944000000001196,0.0,0,14e1553e53b75c2df69419627ed4fb07e5de820f717eeafbdb1fa716f99531ba
3,2,http_store,100,400,0.0027987080393359065,6.80069512501359,0.02390479203313589,6.824599917046726,1.8433220000000006,0.3229195520000001,8.550400000006952e-05,646152,14e1553e53b75c2df69419627ed4fb07e5de820f717eeafbdb1fa716f99531ba
4,0,capture_off,100,0,2.0902371034026146e-07,6.036386874970049,4.196772351861e-08,6.036386916937772,1.4670289999999966,0.0035503359999999873,0.0,0,14e1553e53b75c2df69419627ed4fb07e5de820f717eeafbdb1fa716f99531ba
4,1,http_store,100,400,0.003037833026610315,6.690859500027727,0.023626166977919638,6.714485667005647,1.786360000000002,0.3019549440000002,0.0,646152,14e1553e53b75c2df69419627ed4fb07e5de820f717eeafbdb1fa716f99531ba
4,2,http_store_anvil,100,400,0.022470458003226668,7.52414533297997,0.17594583297614008,7.70009116595611,4.871617999999998,0.5396277759999997,0.19717382400000005,649752,14e1553e53b75c2df69419627ed4fb07e5de820f717eeafbdb1fa716f99531ba
5,0,http_store_anvil,100,400,0.025917291990481317,7.597349583986215,0.15451404202030972,7.751863626006525,4.933540000000001,0.5516160000000001,0.20189798399999992,649752,14e1553e53b75c2df69419627ed4fb07e5de820f717eeafbdb1fa716f99531ba
5,1,http_store,100,400,0.0021793339983560145,6.628400834044442,0.023189708008430898,6.6515905420528725,1.7627510000000015,0.29907302400000013,0.0,646152,14e1553e53b75c2df69419627ed4fb07e5de820f717eeafbdb1fa716f99531ba
5,2,capture_off,100,0,1.6600824892520905e-07,6.012736707984004,4.196772351861e-08,6.012736749951728,1.4527179999999973,0.003283711999999106,8.902399999999311e-05,0,14e1553e53b75c2df69419627ed4fb07e5de820f717eeafbdb1fa716f99531ba
6,0,http_store_anvil,100,400,0.027042832982260734,7.608505375043023,0.15434641699539497,7.762851792038418,4.896790000000003,0.5465228800000004,0.21013875199999998,649752,14e1553e53b75c2df69419627ed4fb07e5de820f717eeafbdb1fa716f99531ba
6,1,http_store,100,400,0.001793790957890451,6.6856286660186015,0.023977791017387062,6.709606457035989,1.7815839999999952,0.3112683519999999,0.0,646152,14e1553e53b75c2df69419627ed4fb07e5de820f717eeafbdb1fa716f99531ba
6,2,capture_off,100,0,0.0,6.014962999965064,4.202593117952347e-08,6.014963041990995,1.4489970000000056,0.0034741759999992183,7.084800000001223e-05,0,14e1553e53b75c2df69419627ed4fb07e5de820f717eeafbdb1fa716f99531ba
7,0,capture_off,100,0,4.202593117952347e-08,6.04799545800779,4.202593117952347e-08,6.047995500033721,1.4886720000000082,0.0032568319999999318,0.0,0,14e1553e53b75c2df69419627ed4fb07e5de820f717eeafbdb1fa716f99531ba
7,1,http_store,100,400,0.002560916997026652,6.705019540968351,0.025038749969098717,6.73005829093745,1.7933280000000025,0.30424243200000056,0.0,646152,14e1553e53b75c2df69419627ed4fb07e5de820f717eeafbdb1fa716f99531ba
7,2,http_store_anvil,100,400,0.022729333024471998,7.505877292016521,0.15124637499684468,7.657123667013366,4.824652,0.5405916160000004,0.205823168,649752,14e1553e53b75c2df69419627ed4fb07e5de820f717eeafbdb1fa716f99531ba
8,0,capture_off,100,0,1.25030055642128e-07,6.222208833030891,4.103640094399452e-08,6.222208874067292,1.597998000000004,0.003443711999999266,0.0,0,14e1553e53b75c2df69419627ed4fb07e5de820f717eeafbdb1fa716f99531ba
8,1,http_store,100,400,0.002816957945469767,6.806681416986976,0.025144416955299675,6.8318258339422755,1.8559000000000054,0.32211225600000226,9.075200000019379e-05,646152,14e1553e53b75c2df69419627ed4fb07e5de820f717eeafbdb1fa716f99531ba
8,2,http_store_anvil,100,400,0.023827500001061708,7.68854016601108,0.1527736249845475,7.841313790995628,4.997339999999994,0.5576110079999985,0.22100678400000007,649752,14e1553e53b75c2df69419627ed4fb07e5de820f717eeafbdb1fa716f99531ba
9,0,http_store_anvil,100,400,0.022125084011349827,7.476890999998432,0.15246837498852983,7.6293593749869615,4.840647000000004,0.5464762880000009,0.21170291200000024,649752,14e1553e53b75c2df69419627ed4fb07e5de820f717eeafbdb1fa716f99531ba
9,1,http_store,100,400,0.001996459031943232,6.714293957978953,0.023348208982497454,6.73764216696145,1.8021379999999994,0.3149491200000014,0.0,646152,14e1553e53b75c2df69419627ed4fb07e5de820f717eeafbdb1fa716f99531ba
9,2,capture_off,100,0,2.0902371034026146e-07,6.020595749956556,4.202593117952347e-08,6.020595791982487,1.4798820000000035,0.0031726079999998547,0.00012953599999976362,0,14e1553e53b75c2df69419627ed4fb07e5de820f717eeafbdb1fa716f99531ba
10,0,capture_off,100,0,8.399365469813347e-08,6.062842832994647,8.399365469813347e-08,6.062842916988302,1.4959400000000045,0.0027525120000007064,0.0,0,14e1553e53b75c2df69419627ed4fb07e5de820f717eeafbdb1fa716f99531ba
10,1,http_store_anvil,100,400,0.02438016701489687,7.512853666965384,0.149802208004985,7.662655874970369,4.788482999999999,0.5342551039999996,0.21660121599999949,650352,14e1553e53b75c2df69419627ed4fb07e5de820f717eeafbdb1fa716f99531ba
10,2,http_store,100,400,0.002032833988778293,6.631889000011142,0.023141999961808324,6.655030999972951,1.7389129999999966,0.2979809280000012,0.0,646752,14e1553e53b75c2df69419627ed4fb07e5de820f717eeafbdb1fa716f99531ba
11,0,http_store,100,400,0.0020679589943028986,6.787277208990417,0.02346716698957607,6.8107443759799935,1.834778,0.31731430399999994,0.0005278720000001513,646752,14e1553e53b75c2df69419627ed4fb07e5de820f717eeafbdb1fa716f99531ba
11,1,capture_off,100,0,1.2497184798121452e-07,6.155590125010349,8.300412446260452e-08,6.155590208014473,1.5561799999999977,0.0036362239999991885,8.447999999994238e-06,0,14e1553e53b75c2df69419627ed4fb07e5de820f717eeafbdb1fa716f99531ba
11,2,http_store_anvil,100,400,0.025470665947068483,7.617441707989201,0.1539758750004694,7.77141758298967,4.917536999999996,0.5549552640000002,0.24577203199999964,650352,14e1553e53b75c2df69419627ed4fb07e5de820f717eeafbdb1fa716f99531ba
12,0,http_store,100,400,0.0022759170387871563,6.750216999964323,0.02271370799280703,6.77293070795713,1.8220089999999942,0.31870515199999794,0.0,646752,14e1553e53b75c2df69419627ed4fb07e5de820f717eeafbdb1fa716f99531ba
12,1,http_store_anvil,100,400,0.02173266699537635,7.857421250024345,0.16642366599990055,8.023844916024245,5.214084,0.5728373760000007,0.28624614400000015,650352,14e1553e53b75c2df69419627ed4fb07e5de820f717eeafbdb1fa716f99531ba
12,2,capture_off,100,0,4.169996827840805e-07,6.04661041701911,1.6600824892520905e-07,6.046610583027359,1.5258060000000029,0.003190271999999439,0.0,0,14e1553e53b75c2df69419627ed4fb07e5de820f717eeafbdb1fa716f99531ba
13,0,http_store_anvil,100,400,0.023342832981143147,7.672186500043608,0.18385812500491738,7.856044625048526,5.021517000000003,0.5679887360000002,0.2758082559999999,650352,14e1553e53b75c2df69419627ed4fb07e5de820f717eeafbdb1fa716f99531ba
13,1,capture_off,100,0,1.66997779160738e-07,6.23038079199614,8.399365469813347e-08,6.230380875989795,1.5945249999999902,0.003643904000000475,0.0,0,14e1553e53b75c2df69419627ed4fb07e5de820f717eeafbdb1fa716f99531ba
13,2,http_store,100,400,0.002752208965830505,6.998485791962594,0.02530083298915997,7.023786624951754,1.93419999999999,0.3546163199999999,0.0009433599999999487,646752,14e1553e53b75c2df69419627ed4fb07e5de820f717eeafbdb1fa716f99531ba
14,0,http_store_anvil,100,400,0.027310124947689474,8.000501583039295,0.2114057500148192,8.211907333054114,5.365442999999999,0.6116915200000008,0.30819468799999994,650352,14e1553e53b75c2df69419627ed4fb07e5de820f717eeafbdb1fa716f99531ba
14,1,http_store,100,400,0.0020947500015608966,7.336811541987117,0.02505754097364843,7.361869082960766,1.9234789999999862,0.3707837440000006,0.0,646752,14e1553e53b75c2df69419627ed4fb07e5de820f717eeafbdb1fa716f99531ba
14,2,capture_off,100,0,3.3300602808594704e-07,6.007190874952357,8.300412446260452e-08,6.007190957956482,1.4423989999999947,0.003204095999999268,0.0005866240000003131,0,14e1553e53b75c2df69419627ed4fb07e5de820f717eeafbdb1fa716f99531ba
15,0,http_store_anvil,100,400,0.13283804099773988,7.530390750034712,0.15065612498437986,7.681046875019092,4.825131999999996,0.5502315519999996,0.264888064,650352,14e1553e53b75c2df69419627ed4fb07e5de820f717eeafbdb1fa716f99531ba
15,1,capture_off,100,0,8.300412446260452e-08,5.918488000053912,8.300412446260452e-08,5.918488083058037,1.3507079999999974,0.0032291839999984973,0.0,0,14e1553e53b75c2df69419627ed4fb07e5de820f717eeafbdb1fa716f99531ba
15,2,http_store,100,400,0.0030709999846294522,6.599168333981652,0.022843750019092113,6.622012084000744,1.6804190000000006,0.30624204800000143,0.0006941439999996746,646752,14e1553e53b75c2df69419627ed4fb07e5de820f717eeafbdb1fa716f99531ba
16,0,http_store_anvil,100,400,0.2384664169512689,7.49481362500228,0.25248841696884483,7.747302041971125,4.829029999999989,0.5391539200000004,0.277344512,650352,14e1553e53b75c2df69419627ed4fb07e5de820f717eeafbdb1fa716f99531ba
16,1,capture_off,100,0,1.6600824892520905e-07,6.3678561670240015,8.399365469813347e-08,6.367856251017656,1.6535849999999925,0.003640319999998809,0.0,0,14e1553e53b75c2df69419627ed4fb07e5de820f717eeafbdb1fa716f99531ba
16,2,http_store,100,400,0.002955749980174005,6.899887667037547,0.023754124995321035,6.923641792032868,1.7770779999999888,0.3250211840000006,0.0010801919999998688,646752,14e1553e53b75c2df69419627ed4fb07e5de820f717eeafbdb1fa716f99531ba
17,0,http_store_anvil,100,400,0.346803207998164,7.503609500010498,0.4654751250054687,7.969084625015967,4.791827000000012,0.5614336000000009,0.28109286399999966,650352,14e1553e53b75c2df69419627ed4fb07e5de820f717eeafbdb1fa716f99531ba
17,1,http_store,100,400,0.002310708980076015,6.98495145799825,0.024150416953489184,7.009101874951739,1.8567670000000192,0.34095462400000187,0.0,646752,14e1553e53b75c2df69419627ed4fb07e5de820f717eeafbdb1fa716f99531ba
17,2,capture_off,100,0,1.6600824892520905e-07,6.243895499967039,8.300412446260452e-08,6.243895582971163,1.5178439999999966,0.0036561920000011128,0.0007354880000001174,0,14e1553e53b75c2df69419627ed4fb07e5de820f717eeafbdb1fa716f99531ba
18,0,capture_off,100,0,3.7497375160455704e-07,6.816733082989231,4.196772351861e-08,6.816733124956954,1.5497970000000123,0.004342783999998545,0.0,0,14e1553e53b75c2df69419627ed4fb07e5de820f717eeafbdb1fa716f99531ba
18,1,http_store_anvil,100,400,0.13119174999883398,7.630929374950938,0.3431188329705037,7.974048207921442,4.830826000000002,0.5857443839999981,0.31215283199999977,650352,14e1553e53b75c2df69419627ed4fb07e5de820f717eeafbdb1fa716f99531ba
18,2,http_store,100,400,0.0020687079522758722,7.062604041013401,0.026213750010356307,7.088817791023757,1.9046199999999942,0.39879526399999676,0.0,646752,14e1553e53b75c2df69419627ed4fb07e5de820f717eeafbdb1fa716f99531ba
19,0,http_store,100,400,0.002166750025935471,7.05539862497244,0.024823791987728328,7.080222416960169,1.8940489999999954,0.38978201599999807,0.0007782399999998191,646752,14e1553e53b75c2df69419627ed4fb07e5de820f717eeafbdb1fa716f99531ba
19,1,capture_off,100,0,2.92027834802866e-07,6.133517291978933,8.300412446260452e-08,6.133517374983057,1.4993589999999983,0.003546111999998658,0.0,0,14e1553e53b75c2df69419627ed4fb07e5de820f717eeafbdb1fa716f99531ba
19,2,http_store_anvil,100,400,0.2395287910476327,8.722522291005589,0.2144738330389373,8.936996124044526,5.628156999999987,0.6919060479999999,0.40300262400000086,650352,14e1553e53b75c2df69419627ed4fb07e5de820f717eeafbdb1fa716f99531ba
20,0,http_store_anvil,100,400,0.13205683400155976,7.843960334022995,0.44052170898066834,8.284482043003663,5.131396000000024,0.6156897279999995,0.3545236479999998,650352,14e1553e53b75c2df69419627ed4fb07e5de820f717eeafbdb1fa716f99531ba
20,1,capture_off,100,0,2.0797597244381905e-07,6.248535834020004,0.0,6.248535834020004,1.4944849999999974,0.003578879999999174,0.0,0,14e1553e53b75c2df69419627ed4fb07e5de820f717eeafbdb1fa716f99531ba
20,2,http_store,100,400,0.002977208001539111,7.2254875000217,0.025725166022311896,7.251212666044012,1.930250000000001,0.4050882559999991,0.0011340799999999263,646752,14e1553e53b75c2df69419627ed4fb07e5de820f717eeafbdb1fa716f99531ba
21,0,http_store_anvil,100,400,0.24058233300456777,7.700482458982151,0.39432879199739546,8.094811250979546,5.070541999999989,0.6063262720000004,0.34129536000000016,650352,14e1553e53b75c2df69419627ed4fb07e5de820f717eeafbdb1fa716f99531ba
21,1,capture_off,100,0,1.25030055642128e-07,6.2644121660268866,4.196772351861e-08,6.26441220799461,1.5331500000000062,0.0035225600000003965,0.0,0,14e1553e53b75c2df69419627ed4fb07e5de820f717eeafbdb1fa716f99531ba
21,2,http_store,100,400,0.00335145799908787,6.873906332999468,0.024450334021821618,6.8983566670212895,1.7934119999999893,0.3670200319999992,0.001246463999999392,646752,14e1553e53b75c2df69419627ed4fb07e5de820f717eeafbdb1fa716f99531ba
22,0,capture_off,100,0,3.33995558321476e-07,6.319569709012285,1.66997779160738e-07,6.319569876010064,1.490273000000002,0.0035921919999992724,0.0,0,14e1553e53b75c2df69419627ed4fb07e5de820f717eeafbdb1fa716f99531ba
22,1,http_store,100,400,0.0033155830460600555,6.633148000051733,0.024880083976313472,6.658028084028047,1.6983180000000004,0.32762367999999853,0.0,646752,14e1553e53b75c2df69419627ed4fb07e5de820f717eeafbdb1fa716f99531ba
22,2,http_store_anvil,100,400,0.34008470899425447,7.310791291005444,0.30028166697593406,7.611072957981378,4.393747000000019,0.5421465600000026,0.2539005440000004,650352,14e1553e53b75c2df69419627ed4fb07e5de820f717eeafbdb1fa716f99531ba
23,0,http_store,100,400,0.0021842499845661223,6.653599541983567,0.02430012502009049,6.677899667003658,1.6871170000000006,0.32215859200000097,0.0,646752,14e1553e53b75c2df69419627ed4fb07e5de820f717eeafbdb1fa716f99531ba
23,1,http_store_anvil,100,400,0.344093540974427,7.2480930419988,0.24999545799801126,7.498088499996811,4.272527999999994,0.51685376,0.2440811519999997,650352,14e1553e53b75c2df69419627ed4fb07e5de820f717eeafbdb1fa716f99531ba
23,2,capture_off,100,0,1.66997779160738e-07,5.844807041983586,8.300412446260452e-08,5.84480712498771,1.2932759999999917,0.0032952319999992596,7.423999999645048e-06,0,14e1553e53b75c2df69419627ed4fb07e5de820f717eeafbdb1fa716f99531ba
24,0,http_store,100,400,0.0030989170190878212,6.529053958016448,0.02401549997739494,6.553069457993843,1.6166340000000048,0.3174420480000002,0.00048051199999932237,646752,14e1553e53b75c2df69419627ed4fb07e5de820f717eeafbdb1fa716f99531ba
24,1,capture_off,100,0,1.66997779160738e-07,5.877768667007331,4.196772351861e-08,5.877768708975054,1.3094670000000121,0.0027156480000023464,0.0,0,14e1553e53b75c2df69419627ed4fb07e5de820f717eeafbdb1fa716f99531ba
24,2,http_store_anvil,100,400,0.34219754103105515,7.278284500003792,0.4478471669717692,7.7261316669755615,4.33795600000002,0.5277890559999996,0.24806553600000036,650352,14e1553e53b75c2df69419627ed4fb07e5de820f717eeafbdb1fa716f99531ba
25,0,http_store,100,400,0.0021172499982640147,6.597468249965459,0.022874125046655536,6.620342375012115,1.6483780000000081,0.3151421439999993,0.0,646752,14e1553e53b75c2df69419627ed4fb07e5de820f717eeafbdb1fa716f99531ba
25,1,capture_off,100,0,1.66997779160738e-07,5.86026754102204,8.399365469813347e-08,5.860267625015695,1.3206270000000018,0.0032593920000003607,0.0002567679999998518,0,14e1553e53b75c2df69419627ed4fb07e5de820f717eeafbdb1fa716f99531ba
25,2,http_store_anvil,100,400,0.3428661249927245,7.397620458970778,0.2923001670278609,7.689920625998639,4.3670840000000055,0.5465630720000014,0.2556142079999999,650352,14e1553e53b75c2df69419627ed4fb07e5de820f717eeafbdb1fa716f99531ba
26,0,http_store,100,400,0.0020078750094398856,6.733170749968849,0.023662083025556058,6.756832832994405,1.726111000000003,0.3255633919999994,0.0,646752,14e1553e53b75c2df69419627ed4fb07e5de820f717eeafbdb1fa716f99531ba
26,1,http_store_anvil,100,400,0.34170554199954495,7.31078920798609,0.4632200409541838,7.774009248940274,4.323076000000015,0.5371391999999986,0.2541800959999998,650352,14e1553e53b75c2df69419627ed4fb07e5de820f717eeafbdb1fa716f99531ba
26,2,capture_off,100,0,1.25030055642128e-07,5.874758917023428,4.202593117952347e-08,5.874758959049359,1.3374589999999955,0.003255295999998964,0.0,0,14e1553e53b75c2df69419627ed4fb07e5de820f717eeafbdb1fa716f99531ba
27,0,http_store,100,400,0.0024938330170698464,6.542277083965018,0.02394612500211224,6.566223208967131,1.6418309999999963,0.3048663040000008,0.0002882559999992651,646752,14e1553e53b75c2df69419627ed4fb07e5de820f717eeafbdb1fa716f99531ba
27,1,capture_off,100,0,8.300412446260452e-08,5.892573458026163,8.300412446260452e-08,5.892573541030288,1.340912000000003,0.0033853440000015667,3.097599999968281e-05,0,14e1553e53b75c2df69419627ed4fb07e5de820f717eeafbdb1fa716f99531ba
27,2,http_store_anvil,100,400,0.3493772079818882,7.364573958038818,0.36949070799164474,7.734064666030463,4.34720200000001,0.5351720960000037,0.26409932799999947,650352,14e1553e53b75c2df69419627ed4fb07e5de820f717eeafbdb1fa716f99531ba
28,0,http_store_anvil,100,400,0.3509294999530539,7.255890458996873,0.4151210840209387,7.671011543017812,4.238328000000024,0.5266800640000007,0.2549606399999993,650352,14e1553e53b75c2df69419627ed4fb07e5de820f717eeafbdb1fa716f99531ba
28,1,capture_off,100,0,8.300412446260452e-08,5.90637862496078,4.196772351861e-08,5.906378666928504,1.3412429999999915,0.0032767999999983033,0.0,0,14e1553e53b75c2df69419627ed4fb07e5de820f717eeafbdb1fa716f99531ba
28,2,http_store,100,400,0.002624416956678033,6.784291459014639,0.02417849999619648,6.808469959010836,1.741771,0.336035840000001,0.0003560960000008606,646752,14e1553e53b75c2df69419627ed4fb07e5de820f717eeafbdb1fa716f99531ba
29,0,http_store_anvil,100,400,0.34354458400048316,7.260797625000123,0.24681733298348263,7.507614957983606,4.220393999999999,0.5138216960000008,0.25968998399999865,650352,14e1553e53b75c2df69419627ed4fb07e5de820f717eeafbdb1fa716f99531ba
29,1,http_store,100,400,0.0020615420071408153,6.572025750007015,0.02321416704216972,6.595239917049184,1.6613279999999975,0.3221442559999943,0.0,646752,14e1553e53b75c2df69419627ed4fb07e5de820f717eeafbdb1fa716f99531ba
29,2,capture_off,100,0,8.300412446260452e-08,5.991342917026486,4.0978193283081055e-08,5.9913429580046795,1.4030909999999892,0.0029788159999988295,0.00026598400000032996,0,14e1553e53b75c2df69419627ed4fb07e5de820f717eeafbdb1fa716f99531ba
