records,checkpoint_count,cadence,repetition,total_seconds,retrieval_seconds,final_hash_seconds,prefix_validation_seconds,predicate_seconds,cpu_seconds,peak_rss_bytes,peak_rss_growth_bytes
100,10,every_10_records,0,0.015399458003230393,0.009056291950400919,0.0010459170443937182,0.0035681669833138585,0.00021058303536847234,0.009875000000000023,75284480,1785856
100,10,every_10_records,1,0.014839084004051983,0.008827459008898586,0.0010618750238791108,0.003718291991390288,0.00021774997003376484,0.009840999999999989,75186176,1490944
100,10,every_10_records,2,0.014980833977460861,0.008899708976969123,0.001260042015928775,0.0034957920433953404,0.00021716702030971646,0.009936,75530240,2048000
100,10,every_10_records,3,0.01511545799439773,0.009104374970775098,0.0011482919799163938,0.0036434580106288195,0.00022175000049173832,0.009950000000000014,75333632,1638400
100,10,every_10_records,4,0.015589041984640062,0.009576833981554955,0.0011202910100109875,0.0036777910427190363,0.00021379196550697088,0.010305000000000009,75284480,1589248
100,0,final_only,0,0.01119650003965944,0.008962374995462596,0.0010935830068774521,3.625056706368923e-06,0.00020275003043934703,0.006164999999999976,75202560,1671168
100,0,final_only,1,0.01115799997933209,0.008974083000794053,0.0010223750141449273,3.4160329960286617e-06,0.00021316698985174298,0.006199999999999983,75169792,1818624
100,0,final_only,2,0.011764875031076372,0.00952408293960616,0.001041000010445714,3.958994057029486e-06,0.00020208401838317513,0.006529000000000007,75137024,1671168
100,0,final_only,3,0.011330875044222921,0.00906225002836436,0.0010896250023506582,3.5840203054249287e-06,0.00021249998826533556,0.006156999999999968,75055104,1638400
100,0,final_only,4,0.011166499985847622,0.008888248994480819,0.0011346670216880739,3.7499703466892242e-06,0.000210291997063905,0.00618300000000005,75218944,1622016
1000,100,every_10_records,0,0.3713855000096373,0.03333520801970735,0.0073368329904042184,0.32697441696655005,0.0019031250267289579,0.34549599999999997,83673088,10289152
1000,100,every_10_records,1,0.3692879159934819,0.03343366598710418,0.007189333031419665,0.32472033298108727,0.0019916659803129733,0.343571,85262336,11272192
1000,100,every_10_records,2,0.36894216598011553,0.03360241698101163,0.0071686250157654285,0.32444758299971,0.0019379170262254775,0.343257,85262336,11796480
1000,100,every_10_records,3,0.369209167023655,0.032842041982803494,0.006908708019182086,0.3255925420089625,0.0020041250390931964,0.34373099999999995,83804160,10207232
1000,100,every_10_records,4,0.37859070900594816,0.03343687602318823,0.007083625008817762,0.3341292080003768,0.0020752089913003147,0.35270699999999994,86114304,12599296
1000,0,final_only,0,0.04564162500901148,0.03455504198791459,0.007218624989036471,2.416700590401888e-05,0.002062958024907857,0.01926899999999998,84164608,10354688
1000,0,final_only,1,0.04543574998388067,0.034363708982709795,0.007154999999329448,2.266594674438238e-05,0.002046916983090341,0.019369000000000025,83935232,10076160
1000,0,final_only,2,0.04545508301816881,0.03430729097453877,0.007315041031688452,2.3333006538450718e-05,0.0019992910092696548,0.019484999999999975,83558400,9977856
1000,0,final_only,3,0.045572792005259544,0.03461445902939886,0.0071171249728649855,2.2792024537920952e-05,0.001980500004719943,0.019013999999999975,83525632,9601024
1000,0,final_only,4,0.04466200002934784,0.0336210829555057,0.007183875015471131,2.1875021047890186e-05,0.0020296250004321337,0.01891900000000002,83607552,10321920
10000,1000,every_10_records,0,37.470535332977306,0.32648208300815895,0.07159762497758493,37.03550504200393,0.021370458998717368,36.686198,1086242816,1012858880
10000,1000,every_10_records,1,35.115419499983545,0.3262472079950385,0.07022358302492648,34.68652975000441,0.019410000008065253,34.817667,1083768832,1010089984
10000,1000,every_10_records,2,36.1332429999602,0.28573129104916006,0.06806625000899658,35.746042417013086,0.02007462497567758,35.659622000000006,1082245120,1008877568
10000,1000,every_10_records,3,37.29873795801541,0.33203579200198874,0.0696378750144504,36.86040233401582,0.021759417024441063,36.757649,1101299712,1027719168
10000,1000,every_10_records,4,36.66732387500815,0.3343102080398239,0.07157033303519711,36.22746362502221,0.019626124994829297,36.233479,1086455808,1011646464
10000,0,final_only,0,0.41597341699525714,0.31632954196538776,0.06897825002670288,0.00021408399334177375,0.01967537502059713,0.14259799999999995,176930816,103481344
10000,0,final_only,1,0.3885939579922706,0.2890002499916591,0.06932616699486971,0.00027479103300720453,0.01947370800189674,0.14385799999999999,177111040,103612416
10000,0,final_only,2,0.38881191599648446,0.28965945803793147,0.0686329579912126,0.0002128329942934215,0.019715624977834523,0.14301399999999997,176472064,102334464
10000,0,final_only,3,0.39259058295283467,0.29048754094401374,0.0705210409942083,0.00021412502974271774,0.02065562503412366,0.14750399999999997,177061888,103366656
10000,0,final_only,4,0.3889339169836603,0.2899222919368185,0.06900466704973951,0.00021141598699614406,0.019505167030729353,0.14198700000000003,176947200,103563264
